{"N1": {"precision": 0.29355438044876375, "recall": 0.9381137245946564, "f1-score": 0.44717792412779617, "support": 4379}, "N2": {"precision": 0.8375, "recall": 0.010416666666666666, "f1-score": 0.020577395577395578, "support": 6432}, "N3": {"precision": 0.545320197044335, "recall": 0.40758468335787923, "f1-score": 0.4664981036662453, "support": 2716}, "R": {"precision": 0.4642857142857143, "recall": 0.028456767603064575, "f1-score": 0.0536266758336198, "support": 2741}, "W": {"precision": 0.030115146147032774, "recall": 0.03000882612533098, "f1-score": 0.030061892130857647, "support": 1133}, "accuracy": 0.30998218493190044, "macro avg": {"precision": 0.43415508758516913, "recall": 0.28291613366951956, "f1-score": 0.2035883982671829, "support": 17401}, "weighted avg": {"precision": 0.5436521976092915, "recall": 0.30998218493190044, "f1-score": 0.20335645249762446, "support": 17401}}