{"loss": [8.180413960292777, 6.985593713469626, 5.914051532135682, 5.097818588834541, 4.532102759274964, 4.173135922093642, 3.9494467670054814, 3.8028903078975316, 3.705549540853683, 3.628473126154966, 3.575501219795109, 3.537380781951386, 3.5012614316841404, 3.4832579021275016, 3.4594513684413806, 3.448633316854029, 3.433453172390257, 3.419312926005328, 3.406507711380716, 3.39692788283956], "accuracy": [0.22773121297359467, 0.24667921662330627, 0.279229998588562, 0.326466828584671, 0.3795461058616638, 0.41282498836517334, 0.42978405952453613, 0.43472084403038025, 0.436958372592926, 0.4374733567237854, 0.43917813897132874, 0.44001278281211853, 0.44054552912712097, 0.4398707151412964, 0.4413624107837677, 0.4410960376262665, 0.4414156973361969, 0.4416998028755188, 0.4421437680721283, 0.44216153025627136]}