{"N1": {"precision": 0.4305479899771217, "recall": 0.8716365240405822, "f1-score": 0.576387369649238, "support": 4534}, "N2": {"precision": 0.24369016536118362, "recall": 0.07779938871908863, "f1-score": 0.11794439764111206, "support": 3599}, "N3": {"precision": 0.681592039800995, "recall": 0.42679127725856697, "f1-score": 0.524904214559387, "support": 1284}, "R": {"precision": 0.16856060606060605, "recall": 0.060503059143439834, "f1-score": 0.08904452226113055, "support": 1471}, "W": {"precision": 0.0975609756097561, "recall": 0.00936768149882904, "f1-score": 0.017094017094017096, "support": 854}, "accuracy": 0.415346618974621, "macro avg": {"precision": 0.3243903553619325, "recall": 0.28921958613210136, "f1-score": 0.2650749042409769, "support": 11742}, "weighted avg": {"precision": 0.343687565617572, "recall": 0.415346618974621, "f1-score": 0.32851149850440076, "support": 11742}}