{"N1": {"precision": 0.5189374013677012, "recall": 0.28946596244131456, "f1-score": 0.37163307590883404, "support": 6816}, "N2": {"precision": 0.7568154879494271, "recall": 0.8118675496688742, "f1-score": 0.7833755080131891, "support": 18875}, "N3": {"precision": 0.8562091503267973, "recall": 0.4560928433268859, "f1-score": 0.5951539626451288, "support": 5170}, "R": {"precision": 0.6887785501489573, "recall": 0.6620847651775487, "f1-score": 0.6751679158960381, "support": 5238}, "W": {"precision": 0.6064453125, "recall": 0.8918471056120194, "f1-score": 0.7219638705061706, "support": 9052}, "accuracy": 0.6909260038537353, "macro avg": {"precision": 0.6854371804585766, "recall": 0.6222716452453285, "f1-score": 0.6294588665938722, "support": 45151}, "weighted avg": {"precision": 0.6942467715972508, "recall": 0.6909260038537353, "f1-score": 0.6748013608846797, "support": 45151}}