{"loss": [2.981555165104575, 2.5485398466267197, 2.3515970207491836, 2.1927219138633833, 2.071121611692615, 1.983954084646951, 1.9110755471875875, 1.8540152481944812, 1.8149986825538411, 1.7699644166610253, 1.742089324598232, 1.7076927983547325, 1.6813769547994726, 1.658632235279144, 1.6344631883588752, 1.6096910127728017, 1.588302891152681, 1.5687895205170548, 1.5499864302685902, 1.531741595106507], "accuracy": [0.5277942419052124, 0.5909122824668884, 0.631834089756012, 0.6547583937644958, 0.6758776307106018, 0.6891753077507019, 0.6976029276847839, 0.706100344657898, 0.7107959389686584, 0.7179897427558899, 0.7220662236213684, 0.7262342572212219, 0.7295696139335632, 0.7332624197006226, 0.7369421720504761, 0.740120530128479, 0.7417641878128052, 0.7451256513595581, 0.748112142086029, 0.7511292099952698]}