{"N1": {"precision": 0.3057638415511626, "recall": 0.9218999771637361, "f1-score": 0.459219656466841, "support": 4379}, "N2": {"precision": 0.7142857142857143, "recall": 0.03342661691542288, "f1-score": 0.06386454774988859, "support": 6432}, "N3": {"precision": 0.4927782497875956, "recall": 0.4270986745213549, "f1-score": 0.45759368836291914, "support": 2716}, "R": {"precision": 0.24975124378109453, "recall": 0.09157241882524626, "f1-score": 0.13400961025093433, "support": 2741}, "W": {"precision": 0.011152416356877323, "recall": 0.00529567519858782, "f1-score": 0.00718132854578097, "support": 1133}, "accuracy": 0.3257858743750359, "macro avg": {"precision": 0.35474629315248885, "recall": 0.2958586725248696, "f1-score": 0.2243737662752728, "support": 17401}, "weighted avg": {"precision": 0.45795156311692936, "recall": 0.3257858743750359, "f1-score": 0.23216946677371697, "support": 17401}}