{"N1": {"precision": 0.20551378446115287, "recall": 0.018725736469513588, "f1-score": 0.03432398493093344, "support": 4379}, "N2": {"precision": 0.3005128205128205, "recall": 0.2733208955223881, "f1-score": 0.2862725940400586, "support": 6432}, "N3": {"precision": 0.5930835734870317, "recall": 0.3788659793814433, "f1-score": 0.46236800718939564, "support": 2716}, "R": {"precision": 0.16234887737478412, "recall": 0.102882159795695, "f1-score": 0.1259490844126842, "support": 2741}, "W": {"precision": 0.07200520833333333, "recall": 0.4880847308031774, "f1-score": 0.1254964257347101, "support": 1133}, "accuracy": 0.21286132980863168, "macro avg": {"precision": 0.2666928528338245, "recall": 0.2523759003944435, "f1-score": 0.20688201926155642, "support": 17401}, "weighted avg": {"precision": 0.28562947435265656, "recall": 0.21286132980863168, "f1-score": 0.21463223108655868, "support": 17401}}