{"N1": {"precision": 0.26906139909411175, "recall": 0.9767070107330441, "f1-score": 0.4218988902589396, "support": 4379}, "N2": {"precision": 0.5714285714285714, "recall": 0.0006218905472636816, "f1-score": 0.0012424289485945023, "support": 6432}, "N3": {"precision": 0.6895861148197597, "recall": 0.3803387334315169, "f1-score": 0.4902705268153773, "support": 2716}, "R": {"precision": 0.0, "recall": 0.0, "f1-score": 0.0, "support": 2741}, "W": {"precision": 0.0, "recall": 0.0, "f1-score": 0.0, "support": 1133}, "accuracy": 0.3053847480029883, "macro avg": {"precision": 0.30601521706848855, "recall": 0.27153352694236493, "f1-score": 0.1826823692045823, "support": 17401}, "weighted avg": {"precision": 0.38656194045814346, "recall": 0.3053847480029883, "f1-score": 0.18315391611239704, "support": 17401}}