{"loss": [4.041412243400722, 3.7943276938329893, 3.6356031371036837, 3.59089210955049, 3.5279973101626068, 3.510573532486829, 3.4757373747220686, 3.4641202256868873, 3.4287660833549256, 3.4194501572194502, 3.398758407512296, 3.3751007000616555, 3.3537097671929876, 3.3296117818496125, 3.336114582783086, 3.317884505108382, 3.2919712501555143, 3.2767828590982693, 3.2461380239135247, 3.239503353389594], "accuracy": [0.38826537132263184, 0.4010157585144043, 0.4257884621620178, 0.43944451212882996, 0.4429251253604889, 0.4420727491378784, 0.4458729922771454, 0.4483058750629425, 0.4493003189563751, 0.45150235295295715, 0.45278093218803406, 0.45578208565711975, 0.4577710032463074, 0.4586411416530609, 0.4578597843647003, 0.45995524525642395, 0.46089643239974976, 0.46368446946144104, 0.47590211033821106, 0.4861663579940796]}