{"N1": {"precision": 0.42954245713705996, "recall": 0.9338332598147331, "f1-score": 0.5884233201306373, "support": 4534}, "N2": {"precision": 0.38095238095238093, "recall": 0.0066685190330647405, "f1-score": 0.013107591480065538, "support": 3599}, "N3": {"precision": 0.6164383561643836, "recall": 0.6658878504672897, "f1-score": 0.6402096593036316, "support": 1284}, "R": {"precision": 0.2603305785123967, "recall": 0.04282800815771584, "f1-score": 0.0735551663747811, "support": 1471}, "W": {"precision": 0.20207253886010362, "recall": 0.04566744730679157, "f1-score": 0.07449856733524357, "support": 854}, "accuracy": 0.444132175097939, "macro avg": {"precision": 0.377867262325265, "recall": 0.33897701695591903, "f1-score": 0.2779588609248719, "support": 11742}, "weighted avg": {"precision": 0.39734425125194867, "recall": 0.444132175097939, "f1-score": 0.3158692032018846, "support": 11742}}