{"N1": {"precision": 0.4318440966103452, "recall": 0.9188354653727393, "f1-score": 0.5875467174388266, "support": 4534}, "N2": {"precision": 0.375, "recall": 0.0008335648791330926, "f1-score": 0.0016634322151372332, "support": 3599}, "N3": {"precision": 0.4970023980815348, "recall": 0.6456386292834891, "f1-score": 0.5616531165311653, "support": 1284}, "R": {"precision": 0.1431980906921241, "recall": 0.04078857919782461, "f1-score": 0.06349206349206349, "support": 1471}, "W": {"precision": 0.0, "recall": 0.0, "f1-score": 0.0, "support": 854}, "accuracy": 0.430761369443025, "macro avg": {"precision": 0.28940891707680083, "recall": 0.32121924774663724, "f1-score": 0.24287106593543856, "support": 11742}, "weighted avg": {"precision": 0.35397731260229176, "recall": 0.430761369443025, "f1-score": 0.2967537844006779, "support": 11742}}