{"N1": {"precision": 0.4193801490780698, "recall": 0.9430966034406705, "f1-score": 0.5805838424983027, "support": 4534}, "N2": {"precision": 0.3181818181818182, "recall": 0.001944984717977216, "f1-score": 0.0038663352665009665, "support": 3599}, "N3": {"precision": 0.5398230088495575, "recall": 0.617601246105919, "f1-score": 0.5760988013076643, "support": 1284}, "R": {"precision": 0.24489795918367346, "recall": 0.008157715839564922, "f1-score": 0.015789473684210527, "support": 1471}, "W": {"precision": 0.8333333333333334, "recall": 0.00585480093676815, "f1-score": 0.011627906976744186, "support": 854}, "accuracy": 0.4337421222960313, "macro avg": {"precision": 0.4711232537252904, "recall": 0.3153310702081799, "f1-score": 0.23759327194668453, "support": 11742}, "weighted avg": {"precision": 0.409781150361524, "recall": 0.4337421222960313, "f1-score": 0.2911897029243821, "support": 11742}}