{"N1": {"precision": 0.27876685430030107, "recall": 0.972596483215346, "f1-score": 0.4333316375845755, "support": 4379}, "N2": {"precision": 0.5, "recall": 0.002021144278606965, "f1-score": 0.004026014245896562, "support": 6432}, "N3": {"precision": 0.6027060270602707, "recall": 0.36082474226804123, "f1-score": 0.45140488254260713, "support": 2716}, "R": {"precision": 0.31746031746031744, "recall": 0.029186428310835462, "f1-score": 0.053458068827263616, "support": 2741}, "W": {"precision": 0.0776255707762557, "recall": 0.01500441306266549, "f1-score": 0.02514792899408284, "support": 1133}, "accuracy": 0.30739612665938737, "macro avg": {"precision": 0.35531175391942893, "recall": 0.275926642227099, "f1-score": 0.19347370643888512, "support": 17401}, "weighted avg": {"precision": 0.4041019554235355, "recall": 0.30739612665938737, "f1-score": 0.19105174391149987, "support": 17401}}