{"loss": [7.983859239001896, 6.504772309773279, 5.403050791389107, 4.703388813968273, 4.281765303264238, 4.034370568787989, 3.8744871082216488, 3.752340961440854, 3.664362472369431, 3.599205586937006, 3.5568424120666053, 3.5228802002124917, 3.49232360032628, 3.4700190110510767, 3.446202430929679, 3.4308530869750173, 3.4159836405667243, 3.3972713163180486, 3.3880964286084505, 3.375515169168606], "accuracy": [0.22874343395233154, 0.25525641441345215, 0.29810696840286255, 0.3543117046356201, 0.39725103974342346, 0.4210825264453888, 0.43145331740379333, 0.43576857447624207, 0.4373135268688202, 0.4394267797470093, 0.4404745101928711, 0.4412558674812317, 0.44161102175712585, 0.4426409900188446, 0.442854106426239, 0.44367098808288574, 0.44317373633384705, 0.4435999393463135, 0.4440261423587799, 0.44395509362220764]}