{"N1": {"precision": 0.2728354263053536, "recall": 0.9426809773920987, "f1-score": 0.42318929724742427, "support": 4379}, "N2": {"precision": 0.44152542372881354, "recall": 0.08100124378109452, "f1-score": 0.13688912243825538, "support": 6432}, "N3": {"precision": 0.8333333333333334, "recall": 0.19698085419734904, "f1-score": 0.31864204883859437, "support": 2716}, "R": {"precision": 0.036931818181818184, "recall": 0.0047427946005107625, "f1-score": 0.008406078241189784, "support": 2741}, "W": {"precision": 0.24742268041237114, "recall": 0.02118270079435128, "f1-score": 0.03902439024390244, "support": 1133}, "accuracy": 0.300040227573128, "macro avg": {"precision": 0.366409736392338, "recall": 0.24931771415308082, "f1-score": 0.18523018740187325, "support": 17401}, "weighted avg": {"precision": 0.3838590426465023, "recall": 0.300040227573128, "f1-score": 0.21069503289583325, "support": 17401}}