{"N1": {"precision": 0.45615212527964205, "recall": 0.4497132774591972, "f1-score": 0.45290981785872947, "support": 4534}, "N2": {"precision": 0.30889169827222923, "recall": 0.20366768546818562, "f1-score": 0.24547890154052243, "support": 3599}, "N3": {"precision": 0.4064940402794903, "recall": 0.7702492211838006, "f1-score": 0.5321495829970406, "support": 1284}, "R": {"precision": 0.16666666666666666, "recall": 0.20462270564242013, "f1-score": 0.18370460787305462, "support": 1471}, "W": {"precision": 0.11818181818181818, "recall": 0.09133489461358314, "f1-score": 0.10303830911492734, "support": 854}, "accuracy": 0.35258048032703115, "macro avg": {"precision": 0.2912772697359693, "recall": 0.34391755687343734, "f1-score": 0.30345624387685494, "support": 11742}, "weighted avg": {"precision": 0.34473916242654196, "recall": 0.35258048032703115, "f1-score": 0.33882438592653985, "support": 11742}}